<?xml version="1.0" encoding="UTF-8"?>
<project-private xmlns="http://www.netbeans.org/ns/project-private/1">
    <editor-bookmarks xmlns="http://www.netbeans.org/ns/editor-bookmarks/2" lastBookmarkId="0"/>
    <open-files xmlns="http://www.netbeans.org/ns/projectui-open-files/2">
        <group>
            <file>file:/C:/Users/ahmad/OneDrive/Documents/NetBeansProjects/UAS/src/uas/Tabel_Mahasiswa.java</file>
            <file>file:/C:/Users/ahmad/OneDrive/Documents/NetBeansProjects/UAS/src/uas/Nama_mahasiswa.java</file>
            <file>file:/C:/Users/ahmad/OneDrive/Documents/NetBeansProjects/UAS/src/uas/email_mahasiswa.java</file>
            <file>file:/C:/Users/ahmad/OneDrive/Documents/NetBeansProjects/UAS/src/uas/UangKas.java</file>
            <file>file:/C:/Users/ahmad/OneDrive/Documents/NetBeansProjects/UAS/src/uas/Data_Mahasiswa.java</file>
            <file>file:/C:/Users/ahmad/OneDrive/Documents/NetBeansProjects/UAS/src/uas/Menu_Utama.java</file>
            <file>file:/C:/Users/ahmad/OneDrive/Documents/NetBeansProjects/UAS/src/uas/Login.java</file>
        </group>
    </open-files>
</project-private>
